engine,device,mean,min,max
easyocr,Tesla T4 GPU,2.3431929469108583,1.6294891834259033,3.3097026348114014
tesseract,CPU,5.1931122779846195,2.1279683113098145,8.177578687667847
